Advertiser ID,Advertiser name
1,Publisher Company XYZ 1
2,Publisher Company XYZ 2
3,Publisher Company XYZ 3
4,Publisher Company XYZ 4
5,Publisher Company XYZ 5
6,Publisher Company XYZ 6
7,Publisher Company XYZ 7
8,Publisher Company XYZ 8
9,Publisher Company XYZ 9
10,Publisher Company XYZ 10
11,Publisher Company XYZ 11
12,Publisher Company XYZ 12
13,Publisher Company XYZ 13
14,Publisher Company XYZ 14
15,Publisher Company XYZ 15
16,Publisher Company XYZ 16
17,Publisher Company XYZ 17
18,Publisher Company XYZ 18
19,Publisher Company XYZ 19
20,Publisher Company XYZ 20
21,Publisher Company XYZ 21
22,Publisher Company XYZ 22
23,Publisher Company XYZ 23
24,Publisher Company XYZ 24
25,Publisher Company XYZ 25
26,Publisher Company XYZ 26
27,Publisher Company XYZ 27
28,Publisher Company XYZ 28
29,Publisher Company XYZ 29
30,Publisher Company XYZ 30
31,Publisher Company XYZ 31
32,Publisher Company XYZ 32
33,Publisher Company XYZ 33
34,Publisher Company XYZ 34
35,Publisher Company XYZ 35
36,Publisher Company XYZ 36
37,Publisher Company XYZ 37
38,Publisher Company XYZ 38
39,Publisher Company XYZ 39
40,Publisher Company XYZ 40
41,Publisher Company XYZ 41
42,Publisher Company XYZ 42
43,Publisher Company XYZ 43
44,Publisher Company XYZ 44
45,Publisher Company XYZ 45
46,Publisher Company XYZ 46
47,Publisher Company XYZ 47
48,Publisher Company XYZ 48
49,Publisher Company XYZ 49
50,Publisher Company XYZ 50
51,Publisher Company XYZ 51
52,Publisher Company XYZ 52
53,Publisher Company XYZ 53
54,Publisher Company XYZ 54
55,Publisher Company XYZ 55
56,Publisher Company XYZ 56
57,Publisher Company XYZ 57
58,Publisher Company XYZ 58
59,Publisher Company XYZ 59
60,Publisher Company XYZ 60
61,Publisher Company XYZ 61
62,Publisher Company XYZ 62
63,Publisher Company XYZ 63
64,Publisher Company XYZ 64
65,Publisher Company XYZ 65
66,Publisher Company XYZ 66
67,Publisher Company XYZ 67
68,Publisher Company XYZ 68
69,Publisher Company XYZ 69
70,Publisher Company XYZ 70
71,Publisher Company XYZ 71
72,Publisher Company XYZ 72
73,Publisher Company XYZ 73
74,Publisher Company XYZ 74
75,Publisher Company XYZ 75
76,Publisher Company XYZ 76
77,Publisher Company XYZ 77
78,Publisher Company XYZ 78
79,Publisher Company XYZ 79
80,Publisher Company XYZ 80
81,Publisher Company XYZ 81
82,Publisher Company XYZ 82
83,Publisher Company XYZ 83
84,Publisher Company XYZ 84
85,Publisher Company XYZ 85
86,Publisher Company XYZ 86
87,Publisher Company XYZ 87
88,Publisher Company XYZ 88
89,Publisher Company XYZ 89
90,Publisher Company XYZ 90
91,Publisher Company XYZ 91
92,Publisher Company XYZ 92
93,Publisher Company XYZ 93
94,Publisher Company XYZ 94
95,Publisher Company XYZ 95
96,Publisher Company XYZ 96
97,Publisher Company XYZ 97
98,Publisher Company XYZ 98
99,Publisher Company XYZ 99
100,Publisher Company XYZ 100
101,Publisher Company XYZ 101
102,Publisher Company XYZ 102
103,Publisher Company XYZ 103
104,Publisher Company XYZ 104
105,Publisher Company XYZ 105
106,Publisher Company XYZ 106
107,Publisher Company XYZ 107
108,Publisher Company XYZ 108
109,Publisher Company XYZ 109
110,Publisher Company XYZ 110
111,Publisher Company XYZ 111
112,Publisher Company XYZ 112
113,Publisher Company XYZ 113
114,Publisher Company XYZ 114
115,Publisher Company XYZ 115
116,Publisher Company XYZ 116
117,Publisher Company XYZ 117
118,Publisher Company XYZ 118
119,Publisher Company XYZ 119
120,Publisher Company XYZ 120
121,Publisher Company XYZ 121
122,Publisher Company XYZ 122
123,Publisher Company XYZ 123
124,Publisher Company XYZ 124
125,Publisher Company XYZ 125
126,Publisher Company XYZ 126
127,Publisher Company XYZ 127
128,Publisher Company XYZ 128
129,Publisher Company XYZ 129
130,Publisher Company XYZ 130
131,Publisher Company XYZ 131
132,Publisher Company XYZ 132
133,Publisher Company XYZ 133
134,Publisher Company XYZ 134
135,Publisher Company XYZ 135
136,Publisher Company XYZ 136
137,Publisher Company XYZ 137
138,Publisher Company XYZ 138
139,Publisher Company XYZ 139
140,Publisher Company XYZ 140
141,Publisher Company XYZ 141
142,Publisher Company XYZ 142
143,Publisher Company XYZ 143
144,Publisher Company XYZ 144
145,Publisher Company XYZ 145
146,Publisher Company XYZ 146
147,Publisher Company XYZ 147
148,Publisher Company XYZ 148
149,Publisher Company XYZ 149
150,Publisher Company XYZ 150
151,Publisher Company XYZ 151
152,Publisher Company XYZ 152
153,Publisher Company XYZ 153
154,Publisher Company XYZ 154
155,Publisher Company XYZ 155
156,Publisher Company XYZ 156
157,Publisher Company XYZ 157
158,Publisher Company XYZ 158
159,Publisher Company XYZ 159
160,Publisher Company XYZ 160
161,Publisher Company XYZ 161
162,Publisher Company XYZ 162
163,Publisher Company XYZ 163
164,Publisher Company XYZ 164
165,Publisher Company XYZ 165
166,Publisher Company XYZ 166
167,Publisher Company XYZ 167
168,Publisher Company XYZ 168
169,Publisher Company XYZ 169
170,Publisher Company XYZ 170
171,Publisher Company XYZ 171
172,Publisher Company XYZ 172
173,Publisher Company XYZ 173
174,Publisher Company XYZ 174
175,Publisher Company XYZ 175
176,Publisher Company XYZ 176
177,Publisher Company XYZ 177
178,Publisher Company XYZ 178
179,Publisher Company XYZ 179
180,Publisher Company XYZ 180
181,Publisher Company XYZ 181
182,Publisher Company XYZ 182
183,Publisher Company XYZ 183
184,Publisher Company XYZ 184
185,Publisher Company XYZ 185
186,Publisher Company XYZ 186
187,Publisher Company XYZ 187
188,Publisher Company XYZ 188
189,Publisher Company XYZ 189
190,Publisher Company XYZ 190
191,Publisher Company XYZ 191
192,Publisher Company XYZ 192
193,Publisher Company XYZ 193
194,Publisher Company XYZ 194
195,Publisher Company XYZ 195
196,Publisher Company XYZ 196
197,Publisher Company XYZ 197
198,Publisher Company XYZ 198
199,Publisher Company XYZ 199
200,Publisher Company XYZ 200
201,Publisher Company XYZ 201
202,Publisher Company XYZ 202
203,Publisher Company XYZ 203
204,Publisher Company XYZ 204
205,Publisher Company XYZ 205
206,Publisher Company XYZ 206
207,Publisher Company XYZ 207
208,Publisher Company XYZ 208
209,Publisher Company XYZ 209
210,Publisher Company XYZ 210
211,Publisher Company XYZ 211
212,Publisher Company XYZ 212
213,Publisher Company XYZ 213
214,Publisher Company XYZ 214
215,Publisher Company XYZ 215
216,Publisher Company XYZ 216
217,Publisher Company XYZ 217
218,Publisher Company XYZ 218
219,Publisher Company XYZ 219
220,Publisher Company XYZ 220
221,Publisher Company XYZ 221
222,Publisher Company XYZ 222
223,Publisher Company XYZ 223
224,Publisher Company XYZ 224
225,Publisher Company XYZ 225
226,Publisher Company XYZ 226
227,Publisher Company XYZ 227
228,Publisher Company XYZ 228
229,Publisher Company XYZ 229
230,Publisher Company XYZ 230
231,Publisher Company XYZ 231
232,Publisher Company XYZ 232
233,Publisher Company XYZ 233
234,Publisher Company XYZ 234
235,Publisher Company XYZ 235
236,Publisher Company XYZ 236
237,Publisher Company XYZ 237
238,Publisher Company XYZ 238
239,Publisher Company XYZ 239
240,Publisher Company XYZ 240
241,Publisher Company XYZ 241
242,Publisher Company XYZ 242
243,Publisher Company XYZ 243
244,Publisher Company XYZ 244
245,Publisher Company XYZ 245
246,Publisher Company XYZ 246
247,Publisher Company XYZ 247
248,Publisher Company XYZ 248
249,Publisher Company XYZ 249
250,Publisher Company XYZ 250
251,Publisher Company XYZ 251
252,Publisher Company XYZ 252
253,Publisher Company XYZ 253
254,Publisher Company XYZ 254
255,Publisher Company XYZ 255
256,Publisher Company XYZ 256
257,Publisher Company XYZ 257
258,Publisher Company XYZ 258
259,Publisher Company XYZ 259
260,Publisher Company XYZ 260
261,Publisher Company XYZ 261
262,Publisher Company XYZ 262
263,Publisher Company XYZ 263
264,Publisher Company XYZ 264
265,Publisher Company XYZ 265
266,Publisher Company XYZ 266
267,Publisher Company XYZ 267
268,Publisher Company XYZ 268
269,Publisher Company XYZ 269
270,Publisher Company XYZ 270
271,Publisher Company XYZ 271
272,Publisher Company XYZ 272
273,Publisher Company XYZ 273
274,Publisher Company XYZ 274
275,Publisher Company XYZ 275
276,Publisher Company XYZ 276
277,Publisher Company XYZ 277
278,Publisher Company XYZ 278
279,Publisher Company XYZ 279
280,Publisher Company XYZ 280
281,Publisher Company XYZ 281
282,Publisher Company XYZ 282
283,Publisher Company XYZ 283
284,Publisher Company XYZ 284
285,Publisher Company XYZ 285
286,Publisher Company XYZ 286
287,Publisher Company XYZ 287
288,Publisher Company XYZ 288
289,Publisher Company XYZ 289
290,Publisher Company XYZ 290
291,Publisher Company XYZ 291
292,Publisher Company XYZ 292
293,Publisher Company XYZ 293
294,Publisher Company XYZ 294
295,Publisher Company XYZ 295
296,Publisher Company XYZ 296
297,Publisher Company XYZ 297
298,Publisher Company XYZ 298
299,Publisher Company XYZ 299
300,Publisher Company XYZ 300
301,Publisher Company XYZ 301
302,Publisher Company XYZ 302
303,Publisher Company XYZ 303
304,Publisher Company XYZ 304
305,Publisher Company XYZ 305
306,Publisher Company XYZ 306
307,Publisher Company XYZ 307
308,Publisher Company XYZ 308
309,Publisher Company XYZ 309
310,Publisher Company XYZ 310
311,Publisher Company XYZ 311
312,Publisher Company XYZ 312
313,Publisher Company XYZ 313
314,Publisher Company XYZ 314
315,Publisher Company XYZ 315
316,Publisher Company XYZ 316
317,Publisher Company XYZ 317
318,Publisher Company XYZ 318
319,Publisher Company XYZ 319
320,Publisher Company XYZ 320
321,Publisher Company XYZ 321
322,Publisher Company XYZ 322
323,Publisher Company XYZ 323
324,Publisher Company XYZ 324
325,Publisher Company XYZ 325
326,Publisher Company XYZ 326
327,Publisher Company XYZ 327
328,Publisher Company XYZ 328
329,Publisher Company XYZ 329
330,Publisher Company XYZ 330
331,Publisher Company XYZ 331
332,Publisher Company XYZ 332
333,Publisher Company XYZ 333
334,Publisher Company XYZ 334
335,Publisher Company XYZ 335
336,Publisher Company XYZ 336
337,Publisher Company XYZ 337
338,Publisher Company XYZ 338
339,Publisher Company XYZ 339
340,Publisher Company XYZ 340
341,Publisher Company XYZ 341
342,Publisher Company XYZ 342
343,Publisher Company XYZ 343
344,Publisher Company XYZ 344
345,Publisher Company XYZ 345
346,Publisher Company XYZ 346
347,Publisher Company XYZ 347
348,Publisher Company XYZ 348
349,Publisher Company XYZ 349
350,Publisher Company XYZ 350
351,Publisher Company XYZ 351
352,Publisher Company XYZ 352
353,Publisher Company XYZ 353
354,Publisher Company XYZ 354
355,Publisher Company XYZ 355
356,Publisher Company XYZ 356
357,Publisher Company XYZ 357
358,Publisher Company XYZ 358
359,Publisher Company XYZ 359
360,Publisher Company XYZ 360
361,Publisher Company XYZ 361
362,Publisher Company XYZ 362
363,Publisher Company XYZ 363
364,Publisher Company XYZ 364
365,Publisher Company XYZ 365
366,Publisher Company XYZ 366
367,Publisher Company XYZ 367
368,Publisher Company XYZ 368
369,Publisher Company XYZ 369
370,Publisher Company XYZ 370
371,Publisher Company XYZ 371
372,Publisher Company XYZ 372
373,Publisher Company XYZ 373
374,Publisher Company XYZ 374
375,Publisher Company XYZ 375
376,Publisher Company XYZ 376
377,Publisher Company XYZ 377
378,Publisher Company XYZ 378
379,Publisher Company XYZ 379
380,Publisher Company XYZ 380
381,Publisher Company XYZ 381
382,Publisher Company XYZ 382
383,Publisher Company XYZ 383
384,Publisher Company XYZ 384
385,Publisher Company XYZ 385
386,Publisher Company XYZ 386
387,Publisher Company XYZ 387
388,Publisher Company XYZ 388
389,Publisher Company XYZ 389
390,Publisher Company XYZ 390
391,Publisher Company XYZ 391
392,Publisher Company XYZ 392
393,Publisher Company XYZ 393
394,Publisher Company XYZ 394
395,Publisher Company XYZ 395
396,Publisher Company XYZ 396
397,Publisher Company XYZ 397
398,Publisher Company XYZ 398
399,Publisher Company XYZ 399
400,Publisher Company XYZ 400
401,Publisher Company XYZ 401
402,Publisher Company XYZ 402
403,Publisher Company XYZ 403
404,Publisher Company XYZ 404
405,Publisher Company XYZ 405
406,Publisher Company XYZ 406
407,Publisher Company XYZ 407
408,Publisher Company XYZ 408
409,Publisher Company XYZ 409
410,Publisher Company XYZ 410
411,Publisher Company XYZ 411
412,Publisher Company XYZ 412
413,Publisher Company XYZ 413
414,Publisher Company XYZ 414
415,Publisher Company XYZ 415
416,Publisher Company XYZ 416
417,Publisher Company XYZ 417
418,Publisher Company XYZ 418
419,Publisher Company XYZ 419
420,Publisher Company XYZ 420
421,Publisher Company XYZ 421
422,Publisher Company XYZ 422
423,Publisher Company XYZ 423
424,Publisher Company XYZ 424
425,Publisher Company XYZ 425
426,Publisher Company XYZ 426
427,Publisher Company XYZ 427
428,Publisher Company XYZ 428
429,Publisher Company XYZ 429
430,Publisher Company XYZ 430
431,Publisher Company XYZ 431
432,Publisher Company XYZ 432
433,Publisher Company XYZ 433
434,Publisher Company XYZ 434
435,Publisher Company XYZ 435
436,Publisher Company XYZ 436
437,Publisher Company XYZ 437
438,Publisher Company XYZ 438
439,Publisher Company XYZ 439
440,Publisher Company XYZ 440
441,Publisher Company XYZ 441
442,Publisher Company XYZ 442
443,Publisher Company XYZ 443
444,Publisher Company XYZ 444
445,Publisher Company XYZ 445
446,Publisher Company XYZ 446
447,Publisher Company XYZ 447
448,Publisher Company XYZ 448
449,Publisher Company XYZ 449
450,Publisher Company XYZ 450
451,Publisher Company XYZ 451
452,Publisher Company XYZ 452
453,Publisher Company XYZ 453
454,Publisher Company XYZ 454
455,Publisher Company XYZ 455
456,Publisher Company XYZ 456
457,Publisher Company XYZ 457
458,Publisher Company XYZ 458
459,Publisher Company XYZ 459
460,Publisher Company XYZ 460
461,Publisher Company XYZ 461
462,Publisher Company XYZ 462
463,Publisher Company XYZ 463
464,Publisher Company XYZ 464
465,Publisher Company XYZ 465
466,Publisher Company XYZ 466
467,Publisher Company XYZ 467
468,Publisher Company XYZ 468
469,Publisher Company XYZ 469
470,Publisher Company XYZ 470
471,Publisher Company XYZ 471
472,Publisher Company XYZ 472
473,Publisher Company XYZ 473
474,Publisher Company XYZ 474
475,Publisher Company XYZ 475
476,Publisher Company XYZ 476
477,Publisher Company XYZ 477
478,Publisher Company XYZ 478
479,Publisher Company XYZ 479
480,Publisher Company XYZ 480
481,Publisher Company XYZ 481
482,Publisher Company XYZ 482
483,Publisher Company XYZ 483
484,Publisher Company XYZ 484
485,Publisher Company XYZ 485
486,Publisher Company XYZ 486
487,Publisher Company XYZ 487
488,Publisher Company XYZ 488
489,Publisher Company XYZ 489
490,Publisher Company XYZ 490
491,Publisher Company XYZ 491
492,Publisher Company XYZ 492
493,Publisher Company XYZ 493
494,Publisher Company XYZ 494
495,Publisher Company XYZ 495
496,Publisher Company XYZ 496
497,Publisher Company XYZ 497
498,Publisher Company XYZ 498
499,Publisher Company XYZ 499
500,Publisher Company XYZ 500